"Sample_Sizes","QuickSort","QuickSortSeuil","QuickSortRandomSeuil","CountingSort"
"1000","quickSort","quickSortSeuil","quickSortRandomSeuil","countingSort"
"5000","0.0025744677","0.0","0.0030896081","0.0005950689"
"10000","0.0115597963","0.0001487494","0.0166355406","0.0020839214"
"50000","0.0234128475","0.0001982927","0.0356707434","0.0041157484"
"100000","0.1363608122","0.0011901617","0.2085537387","0.02178123"
"500000","0.2949567556","0.0028727293","0.4726955815","0.0466838121"
